{"cameraMode":{"drawMode":0,"name":"Shaded","section":"Shading Mode"},"sceneLighting":false,"audioPlay":false,"sceneViewState":{"m_AlwaysRefresh":false,"showFog":true,"showSkybox":false,"showFlares":true,"showImageEffects":true,"showParticleSystems":true,"showVisualEffectGraphs":true,"m_FxEnabled":true},"in2DMode":false,"pivot":{"x":809.4143676757813,"y":11.037803649902344,"z":1404.4383544921875},"rotation":{"x":-0.006118545774370432,"y":-0.9908393025398254,"z":0.12682683765888215,"w":-0.0474843829870224},"size":0.4987727701663971,"orthographic":false}