{"cameraMode":{"drawMode":0,"name":"Shaded","section":"Shading Mode"},"sceneLighting":false,"audioPlay":false,"sceneViewState":{"m_AlwaysRefresh":false,"showFog":true,"showSkybox":false,"showFlares":true,"showImageEffects":true,"showParticleSystems":true,"showVisualEffectGraphs":true,"m_FxEnabled":true},"in2DMode":false,"pivot":{"x":2.957921028137207,"y":4.489999771118164,"z":-1.786808967590332},"rotation":{"x":0.12015242874622345,"y":0.30968645215034487,"z":-0.039477720856666568,"w":0.9424042105674744},"size":3.8270366191864015,"orthographic":false}