{"cameraMode":{"drawMode":0,"name":"Shaded","section":"Shading Mode"},"sceneLighting":true,"audioPlay":false,"sceneViewState":{"m_AlwaysRefresh":false,"showFog":true,"showSkybox":true,"showFlares":true,"showImageEffects":true,"showParticleSystems":true,"showVisualEffectGraphs":true,"m_FxEnabled":true},"in2DMode":false,"pivot":{"x":-0.8596992492675781,"y":5.164434909820557,"z":-15.025145530700684},"rotation":{"x":-0.061893410980701449,"y":0.7627997994422913,"z":-0.07360995560884476,"w":-0.6396494507789612},"size":12.12435531616211,"orthographic":false}